timestamp,x0,y0,x1,y1,x2,y2,x3,y3,x4,y4,x5,y5,x6,y6,x7,y7,
36.340000000,5.064,-2.57074,-2.38705,-0.911013,-0.421512,-1.53393,1.69599,-4.37778,0.0137641,-2.03946,-3.58819,-3.03028,-2.36377,-3.39566,0.331955,4.74876,
36.382000000,5.064,-2.57074,-2.38705,-0.911013,-0.421512,-1.53393,1.69599,-4.37778,0.0137641,-2.03946,-3.58819,-3.03028,-2.36377,-3.39566,0.331955,4.74876,
36.424000000,5.06402,-2.57074,-2.38706,-0.910996,-0.42151,-1.53393,1.696,-4.37779,0.0137679,-2.03946,-3.5882,-3.03028,-2.36377,-3.39567,0.331955,4.74876,
36.462000000,5.06412,-2.57072,-2.38717,-0.910877,-0.421487,-1.53388,1.69601,-4.37789,0.0137998,-2.03945,-3.58825,-3.0303,-2.36376,-3.39576,0.331957,4.74877,
36.500000000,5.06446,-2.57064,-2.38753,-0.91047,-0.421392,-1.53368,1.69606,-4.37824,0.0139336,-2.03943,-3.5885,-3.03038,-2.36375,-3.39611,0.331968,4.74885,
36.544000000,5.06527,-2.57046,-2.3884,-0.909476,-0.421136,-1.53315,1.69619,-4.37914,0.0142949,-2.03937,-3.58925,-3.03064,-2.36372,-3.39694,0.332003,4.74911,
36.582000000,5.06686,-2.5701,-2.39013,-0.907508,-0.419752,-1.53028,1.69643,-4.38088,0.0150591,-2.03925,-3.59093,-3.03121,-2.36366,-3.39872,0.332081,4.74969,
36.626000000,5.06957,-2.56949,-2.39312,-0.90413,-0.418163,-1.52698,1.69689,-4.3841,0.0164373,-2.03902,-3.59893,-3.03395,-2.36354,-3.40189,0.33223,4.75079,
36.668000000,5.0794,-2.56727,-2.39776,-0.898884,-0.415896,-1.52227,1.69761,-4.38922,0.021543,-2.0382,-3.60713,-3.03675,-2.36336,-3.40696,0.332479,4.75263,
36.708000000,5.08744,-2.56546,-2.41299,-0.881693,-0.412739,-1.51571,1.70016,-4.40711,0.0259662,-2.03748,-3.61754,-3.0403,-2.3631,-3.41441,0.333145,4.7576,
36.750000000,5.09786,-2.5631,-2.42531,-0.867804,-0.408566,-1.50703,1.70209,-4.42072,0.0318306,-2.03653,-3.63213,-3.04528,-2.36273,-3.42471,0.334109,4.76479,
36.790000000,5.11087,-2.56015,-2.43999,-0.851252,-0.403276,-1.49602,1.70439,-4.43687,0.0392811,-2.03532,-3.6508,-3.05166,-2.36225,-3.43822,0.335028,4.77168,
36.832000000,5.1266,-2.55659,-2.4557,-0.833531,-0.397536,-1.48406,1.707,-4.45519,0.0484217,-2.03383,-3.67383,-3.05954,-2.36102,-3.47249,0.336165,4.7802,
36.872000000,5.14513,-2.55239,-2.47277,-0.814283,-0.390387,-1.46917,1.71006,-4.47658,0.0593133,-2.03206,-3.7014,-3.06898,-2.36016,-3.49648,0.337527,4.79043,
36.918000000,5.16645,-2.54754,-2.49591,-0.788176,-0.381632,-1.45093,1.71401,-4.50416,0.0719766,-2.03,-3.73356,-3.08002,-2.35915,-3.52433,0.33912,4.8024,
36.964000000,5.19051,-2.54206,-2.54972,-0.727452,-0.360448,-1.40677,1.72361,-4.57076,0.0863964,-2.02766,-3.77029,-3.09264,-2.35799,-3.55599,0.340942,4.81611,
37.012000000,5.24488,-2.52965,-2.58339,-0.689471,-0.348097,-1.38102,1.72924,-4.60952,0.119322,-2.02234,-3.85445,-3.12165,-2.3567,-3.59136,0.345001,4.8467,
37.062000000,5.27126,-2.52362,-2.61815,-0.650289,-0.334646,-1.35298,1.7354,-4.6517,0.135424,-2.01976,-3.89839,-3.13684,-2.35373,-3.67253,0.347182,4.86313,
37.110000000,5.30464,-2.51597,-2.65542,-0.608307,-0.30472,-1.29067,1.74206,-4.69705,0.15589,-2.01651,-4.00135,-3.17251,-2.35208,-3.7179,0.349805,4.88291,
37.160000000,5.37742,-2.49923,-2.73673,-0.516876,-0.288387,-1.25672,1.75645,-4.79361,0.20076,-2.00953,-4.06378,-3.19419,-2.35034,-3.76614,0.355598,4.92652,
37.208000000,5.41646,-2.49023,-2.78038,-0.467897,-0.271235,-1.22114,1.76453,-4.84695,0.224919,-2.00588,-4.11947,-3.21354,-2.34689,-3.86452,0.358745,4.95016,
37.256000000,5.45704,-2.48085,-2.82579,-0.417044,-0.253331,-1.18409,1.77259,-4.89954,0.250064,-2.00219,-4.18427,-3.23608,-2.34503,-3.91966,0.362046,4.97487,
37.302000000,5.53987,-2.46164,-2.87277,-0.364533,-0.215513,-1.10621,1.79091,-5.01629,0.301406,-1.99506,-4.32095,-3.28368,-2.34317,-3.97672,0.365492,5.00056,
37.350000000,5.58641,-2.4508,-2.97076,-0.25533,-0.195712,-1.06568,1.80073,-5.07717,0.330229,-1.99134,-4.3923,-3.30855,-2.34136,-4.03547,0.372792,5.05451,
37.398000000,5.62679,-2.44137,-3.02148,-0.199001,-0.175385,-1.02427,1.81098,-5.13946,0.353719,-1.98849,-4.4576,-3.33131,-2.33795,-4.15723,0.376226,5.07961,
37.446000000,5.71191,-2.42141,-3.07317,-0.141739,-0.154581,-0.982115,1.82167,-5.203,0.407673,-1.98262,-4.59566,-3.37943,-2.33643,-4.21986,0.380184,5.10828,
37.494000000,5.76154,-2.40972,-3.12569,-0.0836916,-0.11172,-0.895992,1.84443,-5.33322,0.436609,-1.9799,-4.67232,-3.40613,-2.33506,-4.28344,0.384267,5.13753,
37.538000000,5.80923,-2.39844,-3.23282,0.0342242,-0.0897485,-0.852234,1.85586,-5.39611,0.465763,-1.9775,-4.74996,-3.43315,-2.33389,-4.3478,0.392804,5.19758,
37.582000000,5.85734,-2.38701,-3.28722,0.0938501,-0.0674695,-0.808136,1.86774,-5.45963,0.495068,-1.97545,-4.82842,-3.46044,-2.33234,-4.46796,0.39726,5.22828,
37.626000000,5.9058,-2.37545,-3.33338,0.144297,-0.0484983,-0.770798,1.87936,-5.52011,0.524462,-1.97378,-4.90758,-3.48792,-2.33193,-4.5234,0.401843,5.25938,
37.670000000,5.95455,-2.36378,-3.38271,0.198059,-0.00523147,-0.686351,1.89283,-5.58819,0.553889,-1.97252,-5.06741,-3.5433,-2.33173,-4.58952,0.406556,5.29086,
37.714000000,6.05262,-2.34015,-3.49087,0.31534,0.0190846,-0.639308,1.92134,-5.72548,0.61264,-1.97134,-5.14787,-3.57108,-2.33186,-4.65586,0.4114,5.32267,
37.760000000,6.10184,-2.32821,-3.54965,0.378714,0.0423244,-0.594614,1.93639,-5.79453,0.641873,-1.97145,-5.22854,-3.59887,-2.33234,-4.72231,0.421223,5.38551,
37.804000000,6.14853,-2.31684,-3.60561,0.438805,0.0656681,-0.54997,1.952,-5.86375,0.669429,-1.97201,-5.30509,-3.62516,-2.33445,-4.85523,0.426192,5.41647,
37.848000000,6.19005,-2.30669,-3.66163,0.498716,0.0890867,-0.505422,1.96815,-5.93307,0.695299,-1.97295,-5.44975,-3.67463,-2.33613,-4.92156,0.43129,5.44766,
37.898000000,6.28862,-2.28246,-3.71768,0.558386,0.134804,-0.419101,1.98486,-6.00243,0.75245,-1.97657,-5.53474,-3.70355,-2.33825,-4.9877,0.436812,5.48083,
37.942000000,6.33783,-2.27031,-3.82671,0.673698,0.159525,-0.372753,2.019,-6.13741,0.780611,-1.97917,-5.61533,-3.73085,-2.34082,-5.0536,0.442481,5.51423,
37.988000000,6.38696,-2.25813,-3.8767,0.726208,0.179281,-0.335863,2.03637,-6.20295,0.808455,-1.98232,-5.69571,-3.75796,-2.3466,-5.17079,0.454266,5.58171,
38.032000000,6.43598,-2.24594,-3.92952,0.78144,0.201468,-0.294581,2.05523,-6.27198,0.835956,-1.986,-5.77583,-3.78485,-2.35051,-5.23578,0.460385,5.61577,
38.078000000,6.48489,-2.23375,-3.98512,0.839296,0.224824,-0.251279,2.07464,-6.34082,0.86309,-1.99023,-5.9351,-3.83788,-2.35492,-5.30036,0.466653,5.65004,
38.122000000,6.57462,-2.21133,-4.04053,0.896665,0.271265,-0.165591,2.09458,-6.40943,0.912036,-1.99942,-6.00172,-3.85988,-2.35983,-5.3645,0.472389,5.68087,
38.168000000,6.62311,-2.19918,-4.15071,1.00983,0.294315,-0.123236,2.13602,-6.54586,0.938006,-2.00516,-6.08044,-3.88571,-2.36525,-5.42818,0.484927,5.74671,
38.216000000,6.67143,-2.18706,-4.20543,1.06558,0.31723,-0.0812233,2.1575,-6.61361,0.963528,-2.01143,-6.15872,-3.91122,-2.37762,-5.55402,0.491755,5.78174,
38.262000000,6.71958,-2.17497,-4.25988,1.12075,0.339997,-0.0395631,2.17947,-6.68103,0.988585,-2.01821,-6.31383,-3.96118,-2.38458,-5.61616,0.498725,5.81696,
38.308000000,6.8153,-2.15094,-4.31403,1.17533,0.381508,0.0362335,2.21996,-6.80075,1.03724,-2.03327,-6.38659,-3.98432,-2.39124,-5.67129,0.505834,5.85237,
38.354000000,6.86285,-2.139,-4.41576,1.27704,0.403792,0.0768566,2.24445,-6.87059,1.06081,-2.04153,-6.46287,-4.00837,-2.39918,-5.73237,0.52006,5.92184,
38.406000000,6.9102,-2.12712,-4.46896,1.3298,0.425888,0.117106,2.26815,-6.93651,1.08385,-2.05026,-6.53858,-4.03201,-2.41657,-5.85281,0.52795,5.95966,
38.448000000,6.95732,-2.11532,-4.52181,1.38192,0.44779,0.156978,2.29227,-7.002,1.10635,-2.05945,-6.68437,-4.07684,-2.42603,-5.91215,0.535569,5.99575,
38.496000000,7.04351,-2.09376,-4.57428,1.43339,0.490989,0.235584,2.31677,-7.06704,1.14634,-2.07755,-6.75447,-4.09804,-2.43598,-5.97089,0.542483,6.02818,
38.538000000,7.08997,-2.08217,-4.67535,1.53171,0.512276,0.274314,2.36686,-7.19572,1.16723,-2.08798,-6.82786,-4.11999,-2.44643,-6.02902,0.550313,6.06456,
38.586000000,7.13617,-2.07068,-4.72934,1.5838,0.53335,0.31266,2.39241,-7.25933,1.18754,-2.09883,-6.89681,-4.14035,-2.46755,-6.13749,0.566275,6.13775,
38.630000000,7.18212,-2.05928,-4.77485,1.62747,0.550928,0.344654,2.41416,-7.31251,1.20725,-2.11009,-6.96897,-4.16139,-2.47748,-6.18498,0.574392,6.17454,
38.676000000,7.22781,-2.04798,-4.82002,1.6706,0.588839,0.413691,2.43887,-7.3719,1.22636,-2.12173,-7.11131,-4.20203,-2.48905,-6.23788,0.582592,6.21146,
38.722000000,7.31839,-2.02569,-4.91967,1.76499,0.609106,0.450621,2.49181,-7.49571,1.26271,-2.14613,-7.18147,-4.22162,-2.50171,-6.2931,0.590866,6.24848,
38.772000000,7.36092,-2.0153,-4.96878,1.81112,0.629151,0.487167,2.51864,-7.55681,1.27815,-2.15751,-7.25095,-4.24071,-2.52836,-6.40167,0.606722,6.31892,
38.818000000,7.40554,-2.00444,-5.01742,1.85654,0.648974,0.523327,2.54567,-7.61735,1.29479,-2.17055,-7.31974,-4.25931,-2.54234,-6.455,0.61517,6.35623,
38.866000000,7.44989,-1.9937,-5.06555,1.90123,0.687958,0.594494,2.5729,-7.67734,1.32531,-2.19686,-7.4552,-4.29496,-2.55751,-6.51046,0.62411,6.39559,
38.912000000,7.53772,-1.9726,-5.16029,1.98844,0.707121,0.629501,2.62788,-7.7956,1.34075,-2.21156,-7.52186,-4.31203,-2.57235,-6.56251,0.63264,6.43306,
38.964000000,7.57892,-1.96279,-5.20687,2.03095,0.726065,0.664125,2.6556,-7.85386,1.35402,-2.22505,-7.58088,-4.32686,-2.60321,-6.66471,0.648419,6.50227,
39.012000000,7.62213,-1.95257,-5.25292,2.07272,0.762333,0.73046,2.68345,-7.91155,1.36736,-2.23956,-7.71071,-4.35852,-2.61923,-6.71487,0.657005,6.53994,
39.060000000,7.70764,-1.93253,-5.29842,2.11376,0.781599,0.765721,2.738,-8.02219,1.39202,-2.26934,-7.77452,-4.37358,-2.63561,-6.76441,0.665595,6.57766,
39.106000000,7.74994,-1.92272,-5.38777,2.19363,0.799684,0.798834,2.76615,-8.07814,1.40334,-2.28459,-7.83758,-4.38813,-2.66763,-6.85659,0.682759,6.65326,
39.156000000,7.79192,-1.91304,-5.42472,2.22637,0.815689,0.828146,2.79139,-8.1277,1.41399,-2.30005,-7.89989,-4.40217,-2.68503,-6.90434,0.691316,6.69113,
39.210000000,7.87493,-1.89412,-5.50862,2.30011,0.850873,0.892598,2.84796,-8.23674,1.4333,-2.33156,-8.02225,-4.42872,-2.70276,-6.95149,0.699846,6.72904,
39.264000000,7.91595,-1.88488,-5.55086,2.3369,0.868167,0.924276,2.87629,-8.29036,1.44196,-2.3476,-8.07914,-4.44059,-2.73913,-7.04394,0.716351,6.80295,
39.312000000,7.95236,-1.87672,-5.59252,2.37297,0.885269,0.95559,2.90462,-8.34338,1.44874,-2.36123,-8.19394,-4.4636,-2.75776,-7.08926,0.723875,6.83694,
39.360000000,8.03277,-1.85891,-5.67409,2.44295,0.918916,1.01714,2.96125,-8.4476,1.46302,-2.39404,-8.25479,-4.47526,-2.77665,-7.13397,0.732232,6.87495,
39.412000000,8.07245,-1.85021,-5.71401,2.47687,0.935468,1.04738,2.98803,-8.49613,1.4692,-2.41065,-8.30882,-4.4853,-2.81316,-7.21704,0.748748,6.95099,
39.460000000,8.11178,-1.84165,-5.74922,2.50663,0.950127,1.07414,3.01625,-8.54675,1.47475,-2.42739,-8.3651,-4.49542,-2.83172,-7.25778,0.756896,6.98901,
39.506000000,8.15075,-1.83324,-5.82423,2.56949,0.982393,1.13294,3.04441,-8.59678,1.484,-2.46119,-8.47536,-4.51427,-2.85153,-7.3002,0.764961,7.02702,
39.552000000,8.22763,-1.81682,-5.86385,2.60238,0.998269,1.16181,3.1005,-8.69501,1.48772,-2.47822,-8.52933,-4.523,-2.87153,-7.34203,0.780414,7.10097,
39.600000000,8.26553,-1.80882,-5.90088,2.63294,1.01397,1.19035,3.12841,-8.74322,1.49083,-2.49534,-8.58254,-4.53127,-2.91208,-7.42394,0.7878,7.1369,
39.648000000,8.29717,-1.80218,-5.93733,2.66282,1.02951,1.21854,3.15475,-8.78835,1.49313,-2.51072,-8.67583,-4.54498,-2.93259,-7.46402,0.79429,7.1688,
39.702000000,8.37129,-1.78681,-6.00844,2.72061,1.06008,1.2739,3.20857,-8.87942,1.49659,-2.54525,-8.7269,-4.55203,-2.95324,-7.50353,0.809399,7.24441,
39.754000000,8.4078,-1.77932,-6.04312,2.74851,1.07511,1.30107,3.23602,-8.92531,1.49748,-2.56258,-8.7772,-4.55866,-2.9949,-7.58085,0.816785,7.28211,
39.804000000,8.44394,-1.77197,-6.0772,2.77577,1.10312,1.35163,3.26332,-8.97061,1.49781,-2.57993,-8.87553,-4.57067,-3.01367,-7.61471,0.824054,7.31973,
39.856000000,8.51512,-1.75765,-6.14017,2.82567,1.11767,1.37784,3.31462,-9.05485,1.49689,-2.61469,-8.92356,-4.57607,-3.05362,-7.68494,0.838225,7.39469,
39.906000000,8.55015,-1.75068,-6.17256,2.85109,1.13204,1.40372,3.34145,-9.09847,1.49566,-2.63207,-8.97084,-4.58108,-3.07479,-7.72122,0.84512,7.43202,
39.956000000,8.61549,-1.73783,-6.20436,2.8759,1.16029,1.45449,3.3681,-9.14151,1.4921,-2.66407,-9.05599,-4.5893,-3.09601,-7.75697,0.857134,7.49855,
40.004000000,8.64765,-1.73157,-6.26624,2.92374,1.17418,1.47939,3.42082,-9.22588,1.48979,-2.67958,-9.09407,-4.59263,-3.13853,-7.82688,0.864001,7.5375,
40.058000000,8.68123,-1.72509,-6.29633,2.94678,1.1879,1.50398,3.44688,-9.26722,1.48695,-2.69598,-9.18247,-4.59952,-3.15981,-7.86107,0.870385,7.57437,
40.106000000,8.74552,-1.71281,-6.32585,2.96927,1.21487,1.5522,3.47272,-9.308,1.47969,-2.73049,-9.22558,-4.60244,-3.18108,-7.89476,0.87663,7.61111,
40.156000000,8.77966,-1.70636,-6.38174,3.01149,1.22743,1.57461,3.52241,-9.38581,1.47544,-2.74767,-9.26798,-4.60501,-3.22133,-7.95727,0.888698,7.68418,
40.206000000,8.81169,-1.70036,-6.40526,3.02913,1.23849,1.59429,3.54363,-9.41882,1.4708,-2.7648,-9.35067,-4.60918,-3.2403,-7.98619,0.894518,7.7205,
40.260000000,8.87294,-1.68901,-6.45956,3.06958,1.26435,1.64019,3.59337,-9.49566,1.46044,-2.79886,-9.39098,-4.61078,-3.26145,-8.01808,0.905438,7.79078,
40.310000000,8.90058,-1.68395,-6.48591,3.08906,1.27707,1.6627,3.61788,-9.53328,1.45537,-2.81401,-9.46344,-4.61292,-3.30358,-8.08053,0.91055,7.82475,
40.362000000,8.9565,-1.67381,-6.51172,3.10807,1.30147,1.70569,3.64215,-9.57037,1.44413,-2.84498,-9.50183,-4.61367,-3.32454,-8.1111,0.91553,7.85857,
40.408000000,8.98629,-1.66847,-6.56178,3.14468,1.31446,1.72847,3.68993,-9.64297,1.43761,-2.86167,-9.53955,-4.61412,-3.34542,-8.14126,0.925611,7.92948,
40.460000000,9.01568,-1.66324,-6.58603,3.1623,1.32667,1.74982,3.7122,-9.67664,1.43082,-2.87826,-9.61113,-4.61422,-3.38691,-8.20036,0.93043,7.96469,
40.508000000,9.04468,-1.65812,-6.60853,3.1786,1.33812,1.76979,3.73544,-9.71168,1.41649,-2.91115,-9.64882,-4.61385,-3.4075,-8.22932,0.935101,7.99972,
40.554000000,9.10146,-1.64821,-6.63179,3.19538,1.36194,1.81113,3.77992,-9.77846,1.40898,-2.92743,-9.68397,-4.61324,-3.42798,-8.25791,0.939625,8.03458,
40.604000000,9.12925,-1.64341,-6.67682,3.2277,1.37367,1.8314,3.80352,-9.81377,1.40126,-2.94361,-9.71851,-4.61238,-3.46753,-8.31253,0.948231,8.10376,
40.652000000,9.15521,-1.63897,-6.69859,3.24326,1.38529,1.8514,3.82565,-9.8468,1.38697,-2.97225,-9.77881,-4.61026,-3.48871,-8.3415,0.951679,8.13268,
40.702000000,9.20465,-1.63061,-6.71989,3.25843,1.40759,1.8896,3.84749,-9.87934,1.37873,-2.98808,-9.81168,-4.60876,-3.50869,-8.36867,0.955638,8.16684,
40.754000000,9.23093,-1.62622,-6.76105,3.28764,1.41947,1.90985,3.89031,-9.94298,1.37033,-3.00379,-9.84397,-4.60704,-3.52854,-8.39551,0.96312,8.23461,
40.804000000,9.25682,-1.62194,-6.78093,3.30171,1.43064,1.92882,3.9102,-9.97246,1.3531,-3.03481,-9.90686,-4.60298,-3.56576,-8.4455,0.966644,8.2682,
40.852000000,9.30742,-1.61368,-6.81436,3.32531,1.45037,1.96215,3.94811,-10.0286,1.34429,-3.05012,-9.93748,-4.60066,-3.58315,-8.46872,0.970025,8.30159,
40.900000000,9.33213,-1.6097,-6.83397,3.33913,1.46125,1.98044,3.96934,-10.0599,1.33536,-3.06529,-9.96756,-4.59815,-3.62157,-8.51978,0.97636,8.36778,
40.952000000,9.35645,-1.60583,-6.85214,3.35193,1.47203,1.99848,3.98921,-10.0893,1.31863,-3.09287,-10.0247,-4.59275,-3.64054,-8.54489,0.979164,8.39885,
41.002000000,9.39899,-1.59914,-6.86987,3.36441,1.49326,2.03387,4.00879,-10.1181,1.30991,-3.10687,-10.0503,-4.59006,-3.65934,-8.56972,0.98412,8.45705,
41.050000000,9.42222,-1.59555,-6.90405,3.38849,1.50372,2.05121,4.04708,-10.1745,1.30062,-3.1215,-10.0784,-4.5869,-3.67797,-8.5943,0.986699,8.4893,
41.100000000,9.44505,-1.59205,-6.92051,3.4001,1.51408,2.06832,4.06579,-10.2021,1.28182,-3.15031,-10.1333,-4.58013,-3.71472,-8.6427,0.989141,8.52135,
41.152000000,9.48955,-1.58534,-6.94975,3.42077,1.53345,2.10013,4.09951,-10.2517,1.27234,-3.16449,-10.16,-4.57653,-3.73189,-8.66528,0.993625,8.58486,
41.202000000,9.51121,-1.58213,-6.96505,3.43162,1.54353,2.1166,4.11835,-10.2794,1.2628,-3.17851,-10.1863,-4.5728,-3.76667,-8.71106,0.99567,8.61632,
41.252000000,9.53249,-1.57902,-6.97995,3.44222,1.55352,2.13286,4.13595,-10.3053,1.24361,-3.20609,-10.2376,-4.56496,-3.78426,-8.73424,0.997585,8.64758,
41.306000000,9.57284,-1.57322,-7.00859,3.46269,1.57327,2.16474,4.16943,-10.3546,1.23397,-3.21964,-10.2627,-4.56086,-3.80167,-8.75721,1.00095,8.70787,
41.354000000,9.59301,-1.57038,-7.02234,3.47258,1.58303,2.18037,4.18709,-10.3806,1.2243,-3.23303,-10.2873,-4.55666,-3.83595,-8.80252,1.00249,8.73851,
41.404000000,9.63121,-1.56511,-7.03571,3.48225,1.59271,2.19581,4.20359,-10.4048,1.20492,-3.25933,-10.3354,-4.54794,-3.85281,-8.82488,1.00391,8.76894,
41.454000000,9.65128,-1.5624,-7.0607,3.50048,1.61137,2.22531,4.21983,-10.4287,1.19521,-3.27223,-10.3588,-4.54343,-3.86949,-8.84704,1.00638,8.82913,
41.500000000,9.66997,-1.55992,-7.07236,3.50907,1.61986,2.23863,4.24905,-10.4717,1.1855,-3.28498,-10.3819,-4.53884,-3.89887,-8.88624,1.00744,8.85889,
41.548000000,9.68831,-1.55752,-7.08433,3.51795,1.62928,2.25333,4.26455,-10.4945,1.1758,-3.29756,-10.4259,-4.52965,-3.91503,-8.9079,1.00838,8.88843,
41.598000000,9.72391,-1.553,-7.09595,3.52664,1.64793,2.28217,4.2798,-10.5169,1.15641,-3.32224,-10.4491,-4.52457,-3.93101,-8.92938,1.00921,8.91775,
41.646000000,9.74028,-1.55097,-7.11816,3.54348,1.65716,2.29633,4.30956,-10.5606,1.14674,-3.33433,-10.4697,-4.51992,-3.9468,-8.95069,1.01052,8.97574,
41.696000000,9.75722,-1.54892,-7.12878,3.55164,1.66632,2.31031,4.32408,-10.5819,1.13709,-3.34627,-10.4911,-4.51496,-3.97782,-8.99282,1.01101,9.0044,
41.748000000,9.79007,-1.54507,-7.14695,3.56585,1.68304,2.3356,4.34947,-10.6191,1.11785,-3.36965,-10.5329,-4.50484,-3.99145,-9.01146,1.01139,9.03285,
41.800000000,9.80597,-1.54326,-7.15717,3.57396,1.69204,2.3491,4.36333,-10.6394,1.10828,-3.38109,-10.5534,-4.4997,-4.01985,-9.05053,1.01184,9.0891,
41.850000000,9.82154,-1.54154,-7.16655,3.58152,1.70098,2.36242,4.37697,-10.6594,1.09874,-3.39238,-10.5923,-4.48954,-4.03457,-9.07094,1.0119,9.11544,
41.898000000,9.84933,-1.53859,-7.17563,3.58894,1.71871,2.3886,4.40288,-10.6972,1.08225,-3.4116,-10.6088,-4.48509,-4.04911,-9.09119,1.01177,9.16466,
41.950000000,9.86394,-1.53709,-7.1929,3.60335,1.7275,2.40146,4.41654,-10.7171,1.0733,-3.42187,-10.6271,-4.48006,-4.07765,-9.13128,1.01154,9.1933,
42.000000000,9.87822,-1.53568,-7.20109,3.61036,1.73624,2.41416,4.42929,-10.7357,1.05455,-3.44309,-10.665,-4.46932,-4.09165,-9.15112,1.01123,9.22029,
42.048000000,9.90584,-1.53309,-7.21544,3.62295,1.75222,2.43716,4.45157,-10.7681,1.04525,-3.45346,-10.6835,-4.4639,-4.11555,-9.18526,1.01081,9.24707,
42.098000000,9.91918,-1.53192,-7.22283,3.62961,1.76083,2.44944,4.46373,-10.7857,1.03599,-3.46367,-10.7018,-4.45845,-4.12907,-9.20474,1.00971,9.3,
42.148000000,9.93222,-1.53081,-7.22995,3.63616,1.76939,2.46158,4.47568,-10.803,1.01812,-3.4831,-10.7376,-4.44748,-4.14241,-9.2241,1.00901,9.32615,
42.196000000,9.95484,-1.52903,-7.2368,3.64259,1.78635,2.48544,4.49897,-10.8367,1.00997,-3.49183,-10.7524,-4.44284,-4.15559,-9.24333,1.00832,9.34936,
42.244000000,9.96708,-1.52814,-7.24973,3.65514,1.79476,2.49716,4.51032,-10.853,1.00092,-3.50144,-10.7679,-4.4379,-4.18142,-9.28143,1.00656,9.3993,
42.298000000,9.97906,-1.52732,-7.25581,3.66126,1.80311,2.50874,4.52147,-10.869,0.982988,-3.52021,-10.8019,-4.4268,-4.19409,-9.3003,1.00553,9.42463,
42.348000000,10.0022,-1.5259,-7.26164,3.66729,1.81966,2.53152,4.54319,-10.9002,0.974108,-3.52936,-10.8185,-4.42123,-4.21763,-9.33574,1.00442,9.44973,
42.396000000,10.0134,-1.52529,-7.27174,3.67815,1.82657,2.54096,4.55211,-10.9129,0.965286,-3.53837,-10.8349,-4.41565,-4.22853,-9.35233,1.00194,9.49927,
42.446000000,10.0243,-1.52476,-7.27663,3.68361,1.84156,2.56131,4.56253,-10.9278,0.948276,-3.55549,-10.8671,-4.40449,-4.23994,-9.3698,1.00058,9.52371,
42.496000000,10.0455,-1.5239,-7.28626,3.69489,1.85006,2.57275,4.58283,-10.9567,0.939173,-3.56451,-10.8829,-4.3989,-4.26354,-9.40637,0.999147,9.54793,
42.544000000,10.0557,-1.52358,-7.29073,3.70041,1.85809,2.58351,4.59272,-10.9707,0.930586,-3.57293,-10.8985,-4.39331,-4.2751,-9.42449,0.996045,9.5957,
42.594000000,10.0651,-1.52333,-7.29499,3.70585,1.86608,2.59415,4.60243,-10.9845,0.915363,-3.58764,-10.9266,-4.38302,-4.2865,-9.4425,0.99456,9.61679,
42.642000000,10.0828,-1.52302,-7.29904,3.71122,1.88197,2.61511,4.61197,-10.998,0.907377,-3.59524,-10.9416,-4.37744,-4.29775,-9.46042,0.993018,9.6377,
42.694000000,10.092,-1.52294,-7.30649,3.72173,1.88986,2.62544,4.63055,-11.0241,0.899002,-3.60312,-10.9564,-4.37187,-4.31977,-9.49594,0.989362,9.68382,
42.744000000,10.1011,-1.52293,-7.30992,3.72688,1.89772,2.63567,4.6396,-11.0368,0.882412,-3.61847,-10.9854,-4.36075,-4.33056,-9.51354,0.987429,9.70654,
42.794000000,10.1184,-1.5231,-7.3157,3.7362,1.91213,2.65425,4.65631,-11.0602,0.874195,-3.62593,-10.9997,-4.35521,-4.35004,-9.54572,0.985427,9.72905,
42.846000000,10.1267,-1.52328,-7.31871,3.74143,1.91991,2.66421,4.6649,-11.0722,0.866028,-3.63325,-11.0138,-4.34968,-4.3604,-9.56305,0.981224,9.77342,
42.898000000,10.1348,-1.52352,-7.32137,3.74633,1.93537,2.68383,4.67335,-11.084,0.849839,-3.64748,-11.0414,-4.33868,-4.37062,-9.58028,0.979025,9.79529,
42.948000000,10.1507,-1.52421,-7.32615,3.75596,1.94305,2.69351,4.6898,-11.1068,0.841814,-3.65439,-11.0549,-4.3332,-4.39115,-9.61536,0.976762,9.81694,
42.998000000,10.1582,-1.52464,-7.32838,3.76093,1.95071,2.7031,4.6974,-11.1173,0.833832,-3.66117,-11.0683,-4.32774,-4.40094,-9.6323,0.971924,9.86074,
43.048000000,10.1654,-1.52512,-7.33012,3.76512,1.96432,2.72004,4.70404,-11.1265,0.817995,-3.67432,-11.0945,-4.31688,-4.40958,-9.64738,0.969475,9.88177,
43.100000000,10.1793,-1.52627,-7.33353,3.77431,1.97189,2.7294,4.71944,-11.1476,0.810136,-3.6807,-11.1074,-4.31148,-4.42851,-9.68082,0.966967,9.90259,
43.150000000,10.1856,-1.52689,-7.33498,3.77884,1.97943,2.73867,4.72693,-11.1579,0.802314,-3.68695,-11.1201,-4.30611,-4.43778,-9.6974,0.961918,9.94258,
43.200000000,10.1921,-1.52761,-7.33628,3.78331,1.99442,2.75697,4.7343,-11.168,0.787182,-3.69876,-11.1445,-4.29572,-4.44691,-9.71389,0.959243,9.96282,
43.252000000,10.2045,-1.5292,-7.33841,3.79212,2.00188,2.76601,4.74864,-11.1875,0.779461,-3.70464,-11.1567,-4.29043,-4.46479,-9.7466,0.956513,9.98288,
43.300000000,10.2103,-1.53008,-7.33917,3.796,2.01515,2.78201,4.7549,-11.196,0.771771,-3.7104,-11.1689,-4.28516,-4.47217,-9.76026,0.950893,10.0224,
43.350000000,10.2161,-1.53101,-7.33981,3.79985,2.02215,2.79039,4.76783,-11.2135,0.756481,-3.72156,-11.1927,-4.27471,-4.48036,-9.77555,0.948006,10.0419,
43.402000000,10.2267,-1.53298,-7.34083,3.80832,2.0299,2.79962,4.77482,-11.2229,0.74848,-3.72724,-11.205,-4.26926,-4.49773,-9.80841,0.945068,10.0613,
43.454000000,10.2319,-1.53407,-7.34113,3.8125,2.04456,2.81698,4.78135,-11.2317,0.740906,-3.73251,-11.2165,-4.26411,-4.50601,-9.82429,0.938883,10.1003,
43.506000000,10.2417,-1.53633,-7.34134,3.82053,2.05187,2.82557,4.79406,-11.2487,0.726231,-3.74246,-11.2386,-4.25418,-4.52178,-9.85495,0.935796,10.1191,
43.556000000,10.2457,-1.53737,-7.34125,3.82481,2.05915,2.8341,4.79993,-11.2565,0.719914,-3.74662,-11.2485,-4.24965,-4.53012,-9.87138,0.92999,10.1532,
43.606000000,10.2501,-1.53858,-7.34104,3.82883,2.07367,2.85099,4.80601,-11.2646,0.712434,-3.75147,-11.2699,-4.23989,-4.53793,-9.8869,0.926773,10.1715,
43.656000000,10.2591,-1.54127,-7.34071,3.83282,2.08091,2.85936,4.81786,-11.2804,0.697539,-3.76082,-11.2806,-4.23493,-4.54562,-9.90234,0.923512,10.1896,
43.708000000,10.2634,-1.54269,-7.33968,3.8407,2.08813,2.86767,4.82363,-11.288,0.690123,-3.76533,-11.2907,-4.23026,-4.56066,-9.93296,0.916861,10.2253,
43.760000000,10.2675,-1.54416,-7.33904,3.84438,2.10215,2.88373,4.82929,-11.2955,0.675348,-3.77403,-11.3116,-4.22051,-4.56801,-9.94814,0.913472,10.2429,
43.812000000,10.2755,-1.54723,-7.33736,3.85206,2.10934,2.89191,4.84032,-11.31,0.667987,-3.77822,-11.3218,-4.21568,-4.5824,-9.97824,0.910042,10.2603,
43.862000000,10.2793,-1.54884,-7.33636,3.85585,2.11652,2.90005,4.84569,-11.317,0.661028,-3.7821,-11.332,-4.21089,-4.58943,-9.99317,0.903064,10.2946,
43.912000000,10.2829,-1.55048,-7.33526,3.85961,2.13087,2.91621,4.85096,-11.3239,0.646385,-3.78999,-11.3519,-4.20141,-4.59635,-10.008,0.899517,10.3116,
43.966000000,10.2899,-1.55392,-7.33276,3.86704,2.13804,2.92423,4.86096,-11.3369,0.639085,-3.79378,-11.3617,-4.19673,-4.60989,-10.0374,0.895933,10.3283,
44.020000000,10.2933,-1.5557,-7.33144,3.87052,2.15125,2.93892,4.86544,-11.3428,0.631799,-3.79748,-11.3804,-4.18771,-4.61547,-10.0497,0.888654,10.3614,
44.070000000,10.2996,-1.55939,-7.33004,3.87397,2.15842,2.94685,4.87518,-11.3554,0.617268,-3.80458,-11.3903,-4.1829,-4.6281,-10.0779,0.884961,10.3777,
44.120000000,10.3026,-1.56131,-7.32682,3.88118,2.16559,2.95474,4.87992,-11.3615,0.610021,-3.80799,-11.3996,-4.17837,-4.63478,-10.093,0.878069,10.4073,
44.174000000,10.3078,-1.56483,-7.32508,3.88474,2.17994,2.97044,4.88458,-11.3675,0.596701,-3.81402,-11.416,-4.17035,-4.64102,-10.1073,0.87408,10.424,
44.224000000,10.3105,-1.56686,-7.32135,3.89178,2.18712,2.97825,4.89364,-11.3792,0.589485,-3.81717,-11.425,-4.16592,-4.65322,-10.1356,0.870256,10.4396,
44.274000000,10.3131,-1.56892,-7.31937,3.89527,2.20034,2.99256,4.89782,-11.3845,0.58228,-3.82023,-11.4339,-4.16153,-4.65887,-10.1488,0.862514,10.4706,
44.324000000,10.318,-1.57306,-7.31753,3.89836,2.20752,3.00029,4.90551,-11.3943,0.567897,-3.82608,-11.4514,-4.15286,-4.66413,-10.1613,0.858596,10.4858,
44.378000000,10.3205,-1.57537,-7.31333,3.90503,2.21471,3.008,4.9097,-11.3997,0.560718,-3.82887,-11.46,-4.14859,-4.67563,-10.189,0.854648,10.5009,
44.430000000,10.3243,-1.57926,-7.31107,3.90842,2.22909,3.02334,4.91381,-11.4049,0.547893,-3.83367,-11.4755,-4.14082,-4.68124,-10.2027,0.847298,10.5284,
44.482000000,10.3266,-1.58168,-7.30647,3.91495,2.23628,3.03098,4.92181,-11.4151,0.54036,-3.83636,-11.4838,-4.13666,-4.69193,-10.2291,0.843481,10.5423,
44.532000000,10.3286,-1.58401,-7.30388,3.91844,2.24348,3.03859,4.9257,-11.42,0.533211,-3.83883,-11.492,-4.13253,-4.69756,-10.2433,0.835338,10.5714,
44.582000000,10.3323,-1.58866,-7.30136,3.92173,2.25675,3.05257,4.93286,-11.429,0.518936,-3.84354,-11.5081,-4.1244,-4.70228,-10.2552,0.831226,10.5857,
44.634000000,10.3341,-1.59124,-7.29641,3.92791,2.26357,3.05972,4.93654,-11.4336,0.51181,-3.84578,-11.516,-4.12039,-4.71179,-10.2797,0.827088,10.6,
44.686000000,10.3358,-1.59372,-7.29372,3.93114,2.27799,3.07477,4.94015,-11.4382,0.504691,-3.84793,-11.5238,-4.11642,-4.71684,-10.2928,0.818732,10.6281,
44.738000000,10.339,-1.59879,-7.29097,3.93434,2.28521,3.08227,4.94716,-11.447,0.490849,-3.85191,-11.5391,-4.10859,-4.72643,-10.3182,0.814738,10.6412,
44.788000000,10.3405,-1.60138,-7.28532,3.94069,2.29243,3.08974,4.95056,-11.4512,0.483752,-3.85384,-11.5466,-4.10473,-4.73149,-10.3318,0.810498,10.655,
44.836000000,10.3419,-1.604,-7.28242,3.94382,2.30688,3.10463,4.9539,-11.4554,0.476662,-3.8557,-11.5536,-4.10111,-4.73622,-10.3447,0.801946,10.6821,
44.888000000,10.3445,-1.60935,-7.27727,3.94923,2.31296,3.11088,4.96004,-11.4631,0.462502,-3.85919,-11.5681,-4.09358,-4.74449,-10.3674,0.797635,10.6955,
44.940000000,10.3457,-1.61208,-7.27409,3.95248,2.31981,3.11789,4.96318,-11.467,0.455432,-3.86083,-11.5753,-4.08987,-4.74901,-10.3801,0.793301,10.7088,
44.990000000,10.3468,-1.61483,-7.27086,3.9557,2.33467,3.13304,4.96643,-11.471,0.447997,-3.86248,-11.5827,-4.086,-4.75368,-10.3933,0.784335,10.7357,
45.040000000,10.3489,-1.62045,-7.26493,3.96146,2.34153,3.14001,4.97209,-11.4781,0.433889,-3.86541,-11.5965,-4.07877,-4.76189,-10.4168,0.779935,10.7486,
45.094000000,10.35,-1.6236,-7.26158,3.96463,2.35565,3.15429,4.97453,-11.4811,0.426473,-3.86684,-11.6036,-4.07502,-4.76612,-10.4291,0.775513,10.7614,
45.154000000,10.3509,-1.62649,-7.25528,3.97044,2.36291,3.1616,4.98017,-11.4881,0.41277,-3.8693,-11.6165,-4.06819,-4.77436,-10.4535,0.766373,10.7873,
45.212000000,10.3525,-1.63237,-7.25182,3.97355,2.37743,3.17619,4.9829,-11.4915,0.405742,-3.87046,-11.623,-4.06474,-4.77838,-10.4656,0.76189,10.7997,
45.264000000,10.3532,-1.63535,-7.24586,3.9788,2.38356,3.18231,4.98791,-11.4977,0.39872,-3.87157,-11.6358,-4.05793,-4.7854,-10.487,0.752866,10.8242,
45.314000000,10.3546,-1.6414,-7.24249,3.9817,2.39774,3.19645,4.99047,-11.5009,0.384694,-3.87359,-11.6421,-4.05459,-4.78923,-10.4989,0.748326,10.8363,
45.366000000,10.3551,-1.64447,-7.23909,3.98458,2.40503,3.20369,4.99541,-11.507,0.37769,-3.87451,-11.6482,-4.05127,-4.7965,-10.5218,0.743768,10.8483,
45.414000000,10.3557,-1.64757,-7.23221,3.9903,2.41233,3.21092,4.9978,-11.51,0.364439,-3.87609,-11.6603,-4.04475,-4.80033,-10.5341,0.73484,10.8713,
45.468000000,10.3566,-1.65369,-7.22872,3.99312,2.42694,3.22536,5.00014,-11.5129,0.357456,-3.87684,-11.6663,-4.04154,-4.8039,-10.5456,0.730229,10.883,
45.522000000,10.357,-1.65688,-7.22522,3.99593,2.43465,3.23293,5.00477,-11.5186,0.350112,-3.87757,-11.6724,-4.0382,-4.81104,-10.5692,0.720712,10.9065,
45.572000000,10.3577,-1.66316,-7.21814,4.00149,2.44197,3.24012,5.00682,-11.5212,0.336179,-3.87878,-11.6839,-4.03195,-4.81443,-10.5805,0.71605,10.9179,
45.624000000,10.358,-1.6666,-7.21494,4.00396,2.4551,3.25296,5.01058,-11.5259,0.329223,-3.87929,-11.6895,-4.02887,-4.82018,-10.6001,0.711372,10.9291,
45.678000000,10.3582,-1.6699,-7.20812,4.00913,2.46244,3.26013,5.01261,-11.5285,0.322275,-3.87975,-11.695,-4.02583,-4.82341,-10.6112,0.701966,10.9512,
45.728000000,10.3585,-1.67662,-7.20449,4.01184,2.47715,3.27442,5.01459,-11.5309,0.30841,-3.88051,-11.7058,-4.01984,-4.82659,-10.6223,0.69724,10.9621,
45.776000000,10.3585,-1.68005,-7.20084,4.01452,2.48451,3.28155,5.0184,-11.5357,0.3015,-3.8808,-11.7111,-4.0169,-4.83261,-10.6437,0.692498,10.9729,
45.824000000,10.3585,-1.68334,-7.1935,4.01985,2.49188,3.28868,5.02022,-11.5381,0.294972,-3.88102,-11.7204,-4.01171,-4.83577,-10.6551,0.683725,10.9927,
45.876000000,10.3582,-1.6901,-7.1898,4.02249,2.50623,3.30252,5.022,-11.5403,0.28198,-3.88132,-11.7258,-4.00871,-4.83873,-10.666,0.678941,11.0032,
45.928000000,10.3579,-1.69376,-7.18609,4.02512,2.514,3.30999,5.02541,-11.5447,0.275165,-3.88139,-11.7308,-4.00589,-4.84447,-10.6873,0.674143,11.0137,
45.982000000,10.3575,-1.69749,-7.17864,4.03032,2.52138,3.31708,5.02687,-11.5466,0.261631,-3.88135,-11.7406,-4.00034,-4.84727,-10.6979,0.664504,11.0345,
46.032000000,10.3563,-1.70516,-7.17528,4.03262,2.53459,3.32973,5.02969,-11.5502,0.254916,-3.88125,-11.7454,-3.99761,-4.852,-10.7162,0.659664,11.0448,
46.084000000,10.3556,-1.7091,-7.16816,4.03747,2.5412,3.33604,5.03119,-11.5522,0.248235,-3.88109,-11.7502,-3.99492,-4.8548,-10.7271,0.6502,11.0646,
46.134000000,10.3547,-1.71312,-7.16438,4.04001,2.55597,3.35012,5.03265,-11.5541,0.234976,-3.8806,-11.7594,-3.98962,-4.8574,-10.7374,0.645063,11.0752,
46.184000000,10.3528,-1.72134,-7.1606,4.04253,2.56335,3.35713,5.03543,-11.5578,0.228396,-3.88028,-11.7639,-3.98701,-4.85995,-10.7477,0.640169,11.0852,
46.234000000,10.3518,-1.7251,-7.15301,4.04752,2.57073,3.36414,5.03674,-11.5595,0.222534,-3.87994,-11.7682,-3.98457,-4.86492,-10.768,0.63112,11.1034,
46.286000000,10.3494,-1.73343,-7.1492,4.05,2.58548,3.37809,5.03794,-11.5611,0.209856,-3.87907,-11.7764,-3.97977,-4.86733,-10.7781,0.626189,11.1131,
46.338000000,10.348,-1.73778,-7.14559,4.05233,2.59285,3.38504,5.04032,-11.5643,0.203384,-3.87855,-11.7807,-3.97727,-4.8719,-10.7975,0.621246,11.1228,
46.392000000,10.3466,-1.74217,-7.13795,4.0572,2.6068,3.39816,5.04142,-11.5658,0.190847,-3.87741,-11.789,-3.97237,-4.8743,-10.8078,0.611322,11.1419,
46.444000000,10.3437,-1.75108,-7.13473,4.05924,2.61415,3.40506,5.04341,-11.5686,0.184103,-3.87672,-11.793,-3.96996,-4.87826,-10.8253,0.606343,11.1513,
46.502000000,10.3422,-1.75559,-7.12728,4.0639,2.62149,3.41194,5.04434,-11.5698,0.177715,-3.87602,-11.8008,-3.96534,-4.88042,-10.835,0.59635,11.1699,
46.556000000,10.339,-1.76469,-7.12345,4.06628,2.63616,3.42563,5.046,-11.5721,0.16499,-3.8745,-11.8048,-3.96288,-4.88253,-10.8446,0.591337,11.179,
46.608000000,10.3375,-1.7688,-7.11579,4.07098,2.64347,3.43244,5.04681,-11.5732,0.159317,-3.87377,-11.8086,-3.96058,-4.88663,-10.8636,0.582341,11.1951,
46.660000000,10.3344,-1.77755,-7.11196,4.07331,2.65807,3.44601,5.04749,-11.5742,0.147338,-3.87212,-11.8157,-3.95628,-4.88862,-10.873,0.577299,11.204,
46.712000000,10.3327,-1.7822,-7.10813,4.07563,2.66536,3.45276,5.04879,-11.576,0.141035,-3.87119,-11.8193,-3.95405,-4.89248,-10.8917,0.572247,11.2129,
46.764000000,10.331,-1.78687,-7.10047,4.08022,2.67263,3.45949,5.04932,-11.5767,0.128791,-3.86929,-11.8262,-3.94977,-4.89425,-10.9004,0.562114,11.2303,
46.814000000,10.3274,-1.7965,-7.09685,4.08237,2.68677,3.47254,5.05017,-11.5779,0.12186,-3.86815,-11.83,-3.94738,-4.8975,-10.9168,0.556766,11.2393,
46.872000000,10.3257,-1.80121,-7.0894,4.08677,2.69363,3.47886,5.05047,-11.5783,0.115598,-3.86709,-11.8333,-3.94525,-4.89926,-10.9259,0.546575,11.2563,
46.924000000,10.3222,-1.81066,-7.08558,4.089,2.70808,3.49214,5.05066,-11.5785,0.103104,-3.86488,-11.8399,-3.94105,-4.90099,-10.9349,0.541736,11.2642,
46.976000000,10.3207,-1.81466,-7.08177,4.09123,2.71529,3.49876,5.05068,-11.5786,0.0978544,-3.86391,-11.843,-3.93909,-4.90432,-10.9527,0.532842,11.2786,
47.030000000,10.3173,-1.82392,-7.07414,4.09563,2.72249,3.50535,5.05053,-11.5784,0.0854106,-3.86153,-11.8461,-3.93705,-4.90593,-10.9615,0.52771,11.2868,
47.082000000,10.3154,-1.82893,-7.07034,4.09782,2.73686,3.51848,5.04998,-11.5777,0.0792017,-3.8603,-11.8522,-3.93304,-4.90896,-10.9785,0.52257,11.2949,
47.136000000,10.3137,-1.83371,-7.06315,4.10192,2.74327,3.52432,5.04965,-11.5773,0.0730016,-3.85904,-11.8552,-3.93106,-4.91031,-10.9862,0.512265,11.3109,
47.190000000,10.3102,-1.84327,-7.05956,4.10396,2.75681,3.53665,5.04886,-11.5763,0.0606278,-3.85644,-11.861,-3.92718,-4.91307,-11.0024,0.507101,11.3188,
47.242000000,10.3084,-1.84806,-7.052,4.10822,2.76393,3.54312,5.04844,-11.5758,0.0544544,-3.85511,-11.8638,-3.92528,-4.91448,-11.0109,0.497297,11.3336,
47.296000000,10.3053,-1.85664,-7.04824,4.11034,2.77813,3.55599,5.04802,-11.5752,0.0434298,-3.85265,-11.8686,-3.92202,-4.91585,-11.0193,0.492932,11.3401,
47.346000000,10.3036,-1.86144,-7.04448,4.11244,2.78521,3.56239,5.04725,-11.5743,0.0372817,-3.85124,-11.8713,-3.92018,-4.91851,-11.0359,0.482546,11.3554,
47.396000000,